{"cameraMode":{"drawMode":0,"name":"Shaded","section":"Shading Mode"},"sceneLighting":false,"audioPlay":false,"sceneViewState":{"m_AlwaysRefresh":false,"showFog":true,"showSkybox":false,"showFlares":true,"showImageEffects":true,"showParticleSystems":true,"showVisualEffectGraphs":true,"m_FxEnabled":true},"in2DMode":false,"pivot":{"x":0.5773218870162964,"y":2.757997512817383,"z":-1.4718877077102662},"rotation":{"x":-0.02147865854203701,"y":0.6166678071022034,"z":-0.016862602904438974,"w":-0.7867724895477295},"size":3.5364627838134767,"orthographic":false}