{"cameraMode":{"drawMode":0,"name":"Shaded","section":"Shading Mode"},"sceneLighting":false,"audioPlay":false,"sceneViewState":{"m_AlwaysRefresh":false,"showFog":true,"showSkybox":false,"showFlares":true,"showImageEffects":true,"showParticleSystems":true,"showVisualEffectGraphs":true,"m_FxEnabled":true},"in2DMode":false,"pivot":{"x":-12.062185287475586,"y":-2.001711368560791,"z":2.309480667114258},"rotation":{"x":0.004662719089537859,"y":-0.9848650693893433,"z":0.1713106483221054,"w":0.027246510609984399},"size":14.818761825561524,"orthographic":false}