{"cameraMode":{"drawMode":0,"name":"Shaded","section":"Shading Mode"},"sceneLighting":false,"audioPlay":false,"sceneViewState":{"m_AlwaysRefresh":false,"showFog":true,"showSkybox":false,"showFlares":true,"showImageEffects":true,"showParticleSystems":true,"showVisualEffectGraphs":true,"m_FxEnabled":true},"in2DMode":false,"pivot":{"x":0.34985318779945376,"y":3.9266984462738039,"z":-1.860661268234253},"rotation":{"x":-0.0006135024013929069,"y":-0.9990975260734558,"z":0.01529751531779766,"w":-0.039877478033304217},"size":2.74674654006958,"orthographic":false}